{
  "hash": "47c5ee8c",
  "configHash": "f30c737f",
  "lockfileHash": "584b0acb",
  "browserHash": "7b45ff75",
  "optimized": {
    "react/jsx-dev-runtime": {
      "src": "../../node_modules/react/jsx-dev-runtime.js",
      "file": "react_jsx-dev-runtime.js",
      "fileHash": "62582b9b",
      "needsInterop": true
    },
    "react-dom": {
      "src": "../../node_modules/react-dom/index.js",
      "file": "react-dom.js",
      "fileHash": "6b4c22d4",
      "needsInterop": true
    },
    "react-router-dom": {
      "src": "../../node_modules/react-router-dom/dist/index.js",
      "file": "react-router-dom.js",
      "fileHash": "e4c9f56c",
      "needsInterop": false
    },
    "react": {
      "src": "../../node_modules/react/index.js",
      "file": "react.js",
      "fileHash": "46d79584",
      "needsInterop": true
    },
    "lucide-react": {
      "src": "../../node_modules/lucide-react/dist/esm/lucide-react.js",
      "file": "lucide-react.js",
      "fileHash": "63452703",
      "needsInterop": false
    }
  },
  "chunks": {
    "chunk-EQZXVVGP": {
      "file": "chunk-EQZXVVGP.js"
    },
    "chunk-JRE55LYH": {
      "file": "chunk-JRE55LYH.js"
    }
  }
}